"Marca temporal","¿Has comprado por internet?","¿Has comprado ropa de segunda mano?","¿Conoces alguna página o aplicación para comprar ropa de segunda mano?","¿Prefieres comprar ropa de segunda mano en tiendas físicas?","¿Confías en los pagos por internet para este tipo de compras?","¿Le recomendarías a un amigo comprar ropa usada online?","¿Usarías una app exclusiva para ropa de segunda mano?","¿Cómo describirías tu experiencia al comprar ropa de segunda?","¿Te gustaría vender ropa que ya no uses y este en buen estado?","¿Que incomveniete has tenido en plataformas de compra y venta por internet?"
"2025/08/25 3:43:59 a.m. GMT-11","Sí","No","No","Si","Sí","Sí","Si","Buena ","Si","Ninguna "
"2025/08/25 3:46:03 a.m. GMT-11","Sí","Si","No","Si","Sí","No","Si","Bien ","Si","Se puede correr el riesgo de una estafa si no es segura la plataforma "
"2025/08/25 3:57:51 a.m. GMT-11","Sí","No","No","Si","Sí","Sí","Si","No he comprado ropa de segunda mano.","Si","Ninguno por el momento."
"2025/08/25 3:58:07 a.m. GMT-11","Sí","No","Si","Si","Sí","No","Si","Mala por qué no se si lo que me llegará estará bien","Si","Gente poco sería para los cambios "
"2025/08/31 5:13:12 a.m. GMT-11","No","No","El baulito ","Si","Sí","No","Si","Aveces buena porque uno no Nose da cuenta que alguna prendas ya están muy deterioradas ","Si","Que aveces las prendas llegan en muy mala calidad"
"2025/09/15 2:46:22 a.m. GMT-11","Sí","Si","Algunos perfiles en Instagram ","No","Sí","Sí","Si","Es una buena experiencia además ayudamos con el medio ambiente ","Si","La comunicación con las personas suele ser compleja "
"2025/09/15 4:12:21 a.m. GMT-11","Sí","No","El baul de mr bean","Si","No","No","Si","No eh comprado ","Si","Ninguna"
"2025/09/21 7:09:49 a.m. GMT-11","Sí","No","No","No","No","Sí","Si","","Si",""
"2025/09/22 2:12:52 p.m. GMT-11","Sí","No","No","Si","Sí","Sí","Si","Nunca he comprado, pero sería verificar primero que la ropa esté en buen estado","No","Aveces no llegan las cosas como las prometen"
"2025/09/22 2:13:07 p.m. GMT-11","Sí","No","La verdad sinceramente no","No","No","Sí","Si","Yo siento que hay ropa muy cool de segunda , la verdad si me interesaría tener mi primera experiencia comprando ropa de segunda ya que es una opción muy adsequible a la hora de vestir ","Si","Me da miedo que me estafen , nunca me han estafado a mi pero si conocidos "
"2025/09/22 2:14:13 p.m. GMT-11","Sí","No","no","Si","No","No","Si","no tengo experiencia en eso.","Si","registro de la compra, entrega del producto, el material del producto."
"2025/09/22 2:16:20 p.m. GMT-11","Sí","No","No","Si","Sí","Sí","Si","No e comprado ropa de segunda mano ","Si","Ninguno "
"2025/09/22 2:16:26 p.m. GMT-11","","","","","","","","","",""
"2025/09/22 2:18:43 p.m. GMT-11","Sí","No","Por El Momento Ninguna","Si","No","Sí","Si","Aunque Aún No He Comprado,Es Buena Opción Ya Que Es Accesible ","Si","Ninguno "
"2025/09/22 2:19:32 p.m. GMT-11","Sí","No","GoTrendier","Si","Sí","Sí","Si","No he tenido la experiencia ","Si","Ninguno "
"2025/09/22 2:28:10 p.m. GMT-11","Sí","No","","No","Sí","Sí","Si","Por lo innovador","Si","Mal estado de la ropa"
"2025/09/22 2:30:41 p.m. GMT-11","Sí","No","Conozco algunas","Si","No","Sí","Si","Todo depende del estado de la ropa","Si","El pago o la ropa en mal estado"
"2025/09/22 2:31:16 p.m. GMT-11","Sí","No","Temu lol","Si","No","No","No","Pura ropa qlera","Si","No reembolsan la mayoria de ocaciones"
"2025/09/22 2:31:24 p.m. GMT-11","Sí","No","No","Si","Sí","Sí","Si","No lo eh hecho ","Si","Nunca hubo inconvenientes"
"2025/09/22 2:37:41 p.m. GMT-11","Sí","No","No","No","No","No","No","No lo he hecho ","No","Demoras en la entrega "
"2025/09/22 2:37:54 p.m. GMT-11","Sí","No","No conozco ","Si","No","Sí","Si","Nunca he comparado rapo de segunda mano. ","Si","Ninguno. "
"2025/09/22 2:38:14 p.m. GMT-11","Sí","No","Temu ","Si","Sí","No","No","No he comprado","Si","Ninguna"
"2025/09/22 2:48:23 p.m. GMT-11","Sí","No","No","Si","Sí","No","Si","Buena experiencia pero solo físicamente, ya que ahí si puedo verla de todos los lados, probarla y evitar posibles agujeros o manchas","Si","Hasta ahora solo una prenda que estaba más grande de lo esperado"
"2025/09/22 2:59:17 p.m. GMT-11","Sí","Si","No","Si","Sí","No","Si","No pues re tin, uno ve cosas re me las y baratas la real ","Si","Ni una Mai "
"2025/09/22 3:03:58 p.m. GMT-11","Sí","No","el baulito de mr bean","Si","No","Sí","Si","no eh comprado","Si","no eh comprado
"
"2025/09/22 3:10:00 p.m. GMT-11","Sí","Si","Si","Si","Sí","Sí","Si","Me gusta comprar ropa de segunda mano ya que ayudamos al medio ambiente porque no se desechan las cosas tan rápido también se encuentras joyas antiguas que aumentan su valor con el pasar de los años si se encuentran en perfecto estado, se sabe que la ropa vintage y los artículos de segunda mano son una forma también de ahorro ya que se puedes encontrar prendas en excelente estado y barata ","Si","No e tenido inconvenientes "
"2025/09/22 3:32:08 p.m. GMT-11","Sí","Si","","Si","Sí","Sí","Si","","No",""
"2025/09/22 3:42:39 p.m. GMT-11","Sí","No","No","Si","No","Sí","Si","","Si",""
"2025/09/22 3:45:50 p.m. GMT-11","Sí","Si","Gotrendier","Si","Sí","Sí","Si","Es una experiencia chevere y hay que tener mucha paciencia para buscar buenas prendas ya que no siempre manejan calidades aceptables ","Si","No aceptan tantos métodos de pago "
"2025/09/23 5:16:58 a.m. GMT-11","Sí","No","Si","Si","No","Sí","Si","Masomenos ","Si","No me llega el producto "
"2025/09/23 10:52:04 a.m. GMT-11","Sí","Si","Raft.hel","Si","Sí","Sí","Si","Buena, me gustó y es duradera","Si","Ninguna "
"2025/09/23 10:53:43 a.m. GMT-11","Sí","No","No","Si","Sí","Sí","Si","Normal","Si","Tiempo de entrega muy demorado"
"2025/09/23 1:59:18 p.m. GMT-11","Sí","No","No","No","No","No","No","No compraría ropa de segunda","No","Aveces no llega lo que uno espera "
"2025/09/23 3:20:30 p.m. GMT-11","Sí","No","No","No","Sí","Sí","Si","Buena","Si","La entrega es demorada "